<?xml version="1.0" encoding="utf-8" ?> 
<log4net threshold="ALL">
	
	<!-- This logger logs everything to a file -->
	<appender name="MainLogger" type="log4net.Appender.RollingFileAppender">
		<file value="log/sage.log" />
		<appendToFile value="true" />
		<maximumFileSize value="2048KB" />
		<maxSizeRollBackups value="10" />
		<layout type="log4net.Layout.PatternLayout">
			<conversionPattern value="%d [%t] %-5p %c - %m%n" />
		</layout>
	</appender>
	
	<!-- This logger logs everything to debug console (output -> debug in visual studio when debugging)  -->
	<appender name="TraceLogger" type="log4net.Appender.TraceAppender">
		<layout type="log4net.Layout.PatternLayout">
			<conversionPattern value="%-5p %c - %m%n" />
		</layout>
	</appender>
	
	<root>
		<level value="ALL" />
		<appender-ref ref="MainLogger" />
		<appender-ref ref="TraceLogger" />
	</root>
	
</log4net>
